{"shots": [0, 1, 2, 3, 4, 5, 6, 7, 8, 9, 10], "accuracy": [0.0, 0.5744601638123604, 0.7690014903129657, 0.8653989560029829, 0.8652985074626866, 0.8678117998506348, 0.8677130044843049, 0.8691099476439791, 0.8690119760479041, 0.8692883895131086, 0.8691904047976012], "f1_score": [0.0, 0.6145025295109612, 0.7414512093411176, 0.8181360201511335, 0.8179525970751388, 0.8181818181818182, 0.8179979777553084, 0.8171368861024033, 0.8169456066945607, 0.8174442190669371, 0.8172588832487311]}