{"shots": [0, 1, 2, 3, 4, 5, 6, 7, 8, 9, 10], "accuracy": [0.0, 0.34315068493150686, 0.7373113854595336, 0.8365384615384616, 0.8610729023383769, 0.8608815426997245, 0.8606896551724138, 0.869475138121547, 0.8692946058091287, 0.8718836565096952, 0.8599167822468793], "f1_score": [0.0, 0.48523886205045624, 0.8145278450363196, 0.881592039800995, 0.8969387755102042, 0.8968335035750766, 0.8967280163599182, 0.9042067916877851, 0.9041095890410958, 0.9061390157280569, 0.8987975951903808]}