{"shots": [0, 1, 2, 3, 4, 5, 6, 7, 8, 9, 10], "accuracy": [0.0, 0.8058864751226349, 0.8168421052631579, 0.8699929725931131, 0.8698099929627023, 0.8703312191684285, 0.8701482004234298, 0.8840989399293286, 0.883934890304317, 0.9021970233876683, 0.9020581973030518], "f1_score": [0.0, 0.8672735984666986, 0.8738521024649589, 0.9070818684078352, 0.906988436400201, 0.9073514602215509, 0.907258064516129, 0.9085396664982315, 0.9084471421345472, 0.9239250275633958, 0.9252631578947369]}